{"cameraMode":{"drawMode":0,"name":"Shaded","section":"Shading Mode"},"sceneLighting":true,"audioPlay":false,"sceneViewState":{"showFog":true,"showMaterialUpdate":false,"showSkybox":true,"showFlares":true,"showImageEffects":true,"showParticleSystems":true},"in2DMode":false,"pivot":{"x":0.7859885692596436,"y":-8.469573974609375,"z":22.624034881591798},"rotation":{"x":0.18669334053993226,"y":0.015031343325972557,"z":-0.0029055390041321518,"w":0.9823397397994995},"size":16.986940383911134,"orthographic":false}